cultiu,seca_regad,ha,parcels
AMETLLER,S,1597.3328,3201
GARROFER,S,1474.5915,4669
GARROFER,R,1365.5698,3910
OLIVERA,S,4921.26980000002,15553
OLIVERA,R,16187.8444000001,25853
AVELLANER,S,4076.5695,5915
AVELLANER,R,13098.0889,14129
AMETLLER,R,2486.6308,3575
NOGUERA,R,91.0396,223
PISTATXER O FESTUC,R,0.3163,3
NOGUERA,S,17.6519,55
