cultiu,seca_regad,ha,parcels
AMETLLER,S,621.821,1373
GARROFER,S,1474.5915,4669
GARROFER,R,1365.5698,3910
OLIVERA,S,2067.3689,6579
OLIVERES,S,2853.90090000002,8974
OLIVERA,R,6411.39380000008,10182
AVELLANER,S,4076.5695,5915
AVELLANER,R,13098.0889,14129
AMETLLERS,R,1488.4742,2110
AMETLLERS,S,975.5118,1828
NOGUERA,R,36.1674,101
OLIVERES,R,9776.45060000005,15671
NOGUERES,R,54.8722,122
PISTATXER O FESTUC,R,0.3163,3
NOGUERES,S,7.9152,26
AMETLLER,R,998.1566,1465
NOGUERA,S,9.7367,29
